mean_fit_time,std_fit_time,mean_score_time,std_score_time,param_model__max_depth,param_model__max_features,param_model__min_samples_leaf,param_model__min_samples_split,param_model__n_estimators,params,split0_test_score,split1_test_score,split2_test_score,split3_test_score,split4_test_score,mean_test_score,std_test_score,rank_test_score
0.4628329277038574,0.015887213375785067,0.06605086326599122,0.01320695674578207,5,sqrt,4,5,100,"{'model__max_depth': 5, 'model__max_features': 'sqrt', 'model__min_samples_leaf': 4, 'model__min_samples_split': 5, 'model__n_estimators': 100}",0.86,0.8349514563106796,0.8256880733944955,0.8440366972477065,0.8653846153846154,0.8460121684674995,0.014901421482736812,133
0.9205524444580078,0.05232266391587443,0.10164599418640137,0.014940674235960063,5,sqrt,4,5,200,"{'model__max_depth': 5, 'model__max_features': 'sqrt', 'model__min_samples_leaf': 4, 'model__min_samples_split': 5, 'model__n_estimators': 200}",0.86,0.8349514563106796,0.8545454545454545,0.8440366972477065,0.8653846153846154,0.8517836446976912,0.010985993377061775,101
1.3386558532714843,0.04241824353751984,0.12405538558959961,0.0183160403909323,5,sqrt,4,5,300,"{'model__max_depth': 5, 'model__max_features': 'sqrt', 'model__min_samples_leaf': 4, 'model__min_samples_split': 5, 'model__n_estimators': 300}",0.86,0.8349514563106796,0.8333333333333334,0.8440366972477065,0.8653846153846154,0.8475412204552668,0.01300965665148186,129
0.46462221145629884,0.02553925051514689,0.06846752166748046,0.01429626703319565,5,sqrt,4,10,100,"{'model__max_depth': 5, 'model__max_features': 'sqrt', 'model__min_samples_leaf': 4, 'model__min_samples_split': 10, 'model__n_estimators': 100}",0.86,0.8269230769230769,0.8363636363636363,0.8440366972477065,0.8543689320388349,0.8443384685146509,0.011940507903760571,157
0.8965656757354736,0.02804153706001177,0.10293383598327636,0.010279450898046686,5,sqrt,4,10,200,"{'model__max_depth': 5, 'model__max_features': 'sqrt', 'model__min_samples_leaf': 4, 'model__min_samples_split': 10, 'model__n_estimators': 200}",0.86,0.8349514563106796,0.8256880733944955,0.8440366972477065,0.8543689320388349,0.8438090317983432,0.0124942911199209,165
1.4653980255126953,0.06696936832162499,0.14401464462280272,0.011101514125591625,5,sqrt,4,10,300,"{'model__max_depth': 5, 'model__max_features': 'sqrt', 'model__min_samples_leaf': 4, 'model__min_samples_split': 10, 'model__n_estimators': 300}",0.86,0.8349514563106796,0.8363636363636363,0.8440366972477065,0.8653846153846154,0.8481472810613276,0.012389460144106412,125
0.5107872009277343,0.026532253547751794,0.07850775718688965,0.007211915272992247,5,sqrt,4,20,100,"{'model__max_depth': 5, 'model__max_features': 'sqrt', 'model__min_samples_leaf': 4, 'model__min_samples_split': 20, 'model__n_estimators': 100}",0.86,0.8349514563106796,0.8363636363636363,0.8363636363636363,0.8653846153846154,0.8466126688845137,0.013248968440739077,131
0.8789671897888184,0.043381080458937495,0.09085612297058106,0.014619392523706061,5,sqrt,4,20,200,"{'model__max_depth': 5, 'model__max_features': 'sqrt', 'model__min_samples_leaf': 4, 'model__min_samples_split': 20, 'model__n_estimators': 200}",0.86,0.8349514563106796,0.8468468468468469,0.8440366972477065,0.8653846153846154,0.8502439231579697,0.011030420841379647,107
1.2816005229949952,0.04911807680006562,0.1644111156463623,0.06162685176783398,5,sqrt,4,20,300,"{'model__max_depth': 5, 'model__max_features': 'sqrt', 'model__min_samples_leaf': 4, 'model__min_samples_split': 20, 'model__n_estimators': 300}",0.86,0.8349514563106796,0.8468468468468469,0.8545454545454545,0.8653846153846154,0.8523456746175192,0.01064178220485265,95
0.4820569515228271,0.07115094059418074,0.07582645416259766,0.015154517687806427,5,sqrt,8,5,100,"{'model__max_depth': 5, 'model__max_features': 'sqrt', 'model__min_samples_leaf': 8, 'model__min_samples_split': 5, 'model__n_estimators': 100}",0.86,0.8349514563106796,0.8363636363636363,0.8440366972477065,0.8543689320388349,0.8459441443921714,0.009846906150768633,135
0.9817869663238525,0.07156553122277848,0.14055986404418946,0.030783307036460098,5,sqrt,8,5,200,"{'model__max_depth': 5, 'model__max_features': 'sqrt', 'model__min_samples_leaf': 8, 'model__min_samples_split': 5, 'model__n_estimators': 200}",0.86,0.8349514563106796,0.8468468468468469,0.8440366972477065,0.8653846153846154,0.8502439231579697,0.011030420841379647,107
1.535483455657959,0.06277268611621889,0.14003195762634277,0.033967700519918445,5,sqrt,8,5,300,"{'model__max_depth': 5, 'model__max_features': 'sqrt', 'model__min_samples_leaf': 8, 'model__min_samples_split': 5, 'model__n_estimators': 300}",0.86,0.8349514563106796,0.8468468468468469,0.8545454545454545,0.8653846153846154,0.8523456746175192,0.01064178220485265,95
0.46552176475524903,0.05649707845115419,0.07857389450073242,0.01187189206623971,5,sqrt,8,10,100,"{'model__max_depth': 5, 'model__max_features': 'sqrt', 'model__min_samples_leaf': 8, 'model__min_samples_split': 10, 'model__n_estimators': 100}",0.86,0.8349514563106796,0.8363636363636363,0.8440366972477065,0.8543689320388349,0.8459441443921714,0.009846906150768633,135
0.8848579883575439,0.06420686006311054,0.09923877716064453,0.01972152629509169,5,sqrt,8,10,200,"{'model__max_depth': 5, 'model__max_features': 'sqrt', 'model__min_samples_leaf': 8, 'model__min_samples_split': 10, 'model__n_estimators': 200}",0.86,0.8349514563106796,0.8468468468468469,0.8440366972477065,0.8653846153846154,0.8502439231579697,0.011030420841379647,107
1.2524199962615967,0.0607368152096101,0.15911664962768554,0.02557774769859646,5,sqrt,8,10,300,"{'model__max_depth': 5, 'model__max_features': 'sqrt', 'model__min_samples_leaf': 8, 'model__min_samples_split': 10, 'model__n_estimators': 300}",0.86,0.8349514563106796,0.8468468468468469,0.8545454545454545,0.8653846153846154,0.8523456746175192,0.01064178220485265,95
0.4978306770324707,0.036108014579431524,0.07622833251953125,0.018768186890090077,5,sqrt,8,20,100,"{'model__max_depth': 5, 'model__max_features': 'sqrt', 'model__min_samples_leaf': 8, 'model__min_samples_split': 20, 'model__n_estimators': 100}",0.86,0.8349514563106796,0.8363636363636363,0.8288288288288288,0.8543689320388349,0.8429025707083959,0.012065219629703536,167
0.9259079933166504,0.09190802582933968,0.1028754711151123,0.012205805198185546,5,sqrt,8,20,200,"{'model__max_depth': 5, 'model__max_features': 'sqrt', 'model__min_samples_leaf': 8, 'model__min_samples_split': 20, 'model__n_estimators': 200}",0.86,0.8349514563106796,0.8363636363636363,0.8440366972477065,0.8653846153846154,0.8481472810613276,0.012389460144106412,125
1.2967406272888184,0.04376702014729504,0.1396941661834717,0.021270224885040812,5,sqrt,8,20,300,"{'model__max_depth': 5, 'model__max_features': 'sqrt', 'model__min_samples_leaf': 8, 'model__min_samples_split': 20, 'model__n_estimators': 300}",0.86,0.8349514563106796,0.8363636363636363,0.8545454545454545,0.8653846153846154,0.8502490325208771,0.012405212952364773,105
0.45607686042785645,0.020785614229112792,0.08021607398986816,0.013598919598307757,5,sqrt,16,5,100,"{'model__max_depth': 5, 'model__max_features': 'sqrt', 'model__min_samples_leaf': 16, 'model__min_samples_split': 5, 'model__n_estimators': 100}",0.8514851485148515,0.8349514563106796,0.8214285714285714,0.8173913043478261,0.8461538461538461,0.834282065351155,0.013325490214700279,211
0.8450758457183838,0.046493013558986315,0.11094365119934083,0.02278800749111663,5,sqrt,16,5,200,"{'model__max_depth': 5, 'model__max_features': 'sqrt', 'model__min_samples_leaf': 16, 'model__min_samples_split': 5, 'model__n_estimators': 200}",0.8431372549019608,0.8349514563106796,0.8288288288288288,0.831858407079646,0.8543689320388349,0.8386289758319899,0.009203025957906867,187
1.37358660697937,0.06525183914121294,0.1339118480682373,0.042099612605468614,5,sqrt,16,5,300,"{'model__max_depth': 5, 'model__max_features': 'sqrt', 'model__min_samples_leaf': 16, 'model__min_samples_split': 5, 'model__n_estimators': 300}",0.8514851485148515,0.8349514563106796,0.8288288288288288,0.8392857142857143,0.8653846153846154,0.8439871526649381,0.013019934451184134,159
0.476497220993042,0.05307241058458483,0.07535581588745117,0.010969572447824911,5,sqrt,16,10,100,"{'model__max_depth': 5, 'model__max_features': 'sqrt', 'model__min_samples_leaf': 16, 'model__min_samples_split': 10, 'model__n_estimators': 100}",0.8514851485148515,0.8349514563106796,0.8214285714285714,0.8173913043478261,0.8461538461538461,0.834282065351155,0.013325490214700279,211
0.9103639602661133,0.09714353873669787,0.13650016784667968,0.03683208974001816,5,sqrt,16,10,200,"{'model__max_depth': 5, 'model__max_features': 'sqrt', 'model__min_samples_leaf': 16, 'model__min_samples_split': 10, 'model__n_estimators': 200}",0.8431372549019608,0.8349514563106796,0.8288288288288288,0.831858407079646,0.8543689320388349,0.8386289758319899,0.009203025957906867,187
1.4552320480346679,0.05478680548419454,0.14277024269104005,0.012642021200084036,5,sqrt,16,10,300,"{'model__max_depth': 5, 'model__max_features': 'sqrt', 'model__min_samples_leaf': 16, 'model__min_samples_split': 10, 'model__n_estimators': 300}",0.8514851485148515,0.8349514563106796,0.8288288288288288,0.8392857142857143,0.8653846153846154,0.8439871526649381,0.013019934451184134,159
0.5856956958770752,0.03377979420956708,0.08659834861755371,0.013074710635364707,5,sqrt,16,20,100,"{'model__max_depth': 5, 'model__max_features': 'sqrt', 'model__min_samples_leaf': 16, 'model__min_samples_split': 20, 'model__n_estimators': 100}",0.8514851485148515,0.8349514563106796,0.8214285714285714,0.8173913043478261,0.8461538461538461,0.834282065351155,0.013325490214700279,211
0.9435238838195801,0.028938863356995546,0.10524826049804688,0.014531110358543398,5,sqrt,16,20,200,"{'model__max_depth': 5, 'model__max_features': 'sqrt', 'model__min_samples_leaf': 16, 'model__min_samples_split': 20, 'model__n_estimators': 200}",0.8431372549019608,0.8349514563106796,0.8288288288288288,0.831858407079646,0.8543689320388349,0.8386289758319899,0.009203025957906867,187
1.343191385269165,0.03397671790222665,0.14300823211669922,0.021647659259436403,5,sqrt,16,20,300,"{'model__max_depth': 5, 'model__max_features': 'sqrt', 'model__min_samples_leaf': 16, 'model__min_samples_split': 20, 'model__n_estimators': 300}",0.8514851485148515,0.8349514563106796,0.8288288288288288,0.8392857142857143,0.8653846153846154,0.8439871526649381,0.013019934451184134,159
0.4982426643371582,0.0446329737705609,0.07351770401000976,0.0068005214128251485,5,log2,4,5,100,"{'model__max_depth': 5, 'model__max_features': 'log2', 'model__min_samples_leaf': 4, 'model__min_samples_split': 5, 'model__n_estimators': 100}",0.86,0.8349514563106796,0.8256880733944955,0.8440366972477065,0.8653846153846154,0.8460121684674995,0.014901421482736812,133
0.9255015850067139,0.037436164991060276,0.10295634269714356,0.011449605584454878,5,log2,4,5,200,"{'model__max_depth': 5, 'model__max_features': 'log2', 'model__min_samples_leaf': 4, 'model__min_samples_split': 5, 'model__n_estimators': 200}",0.86,0.8349514563106796,0.8545454545454545,0.8440366972477065,0.8653846153846154,0.8517836446976912,0.010985993377061775,101
1.4254182815551757,0.05099136725220891,0.14741783142089843,0.036062150907700014,5,log2,4,5,300,"{'model__max_depth': 5, 'model__max_features': 'log2', 'model__min_samples_leaf': 4, 'model__min_samples_split': 5, 'model__n_estimators': 300}",0.86,0.8349514563106796,0.8333333333333334,0.8440366972477065,0.8653846153846154,0.8475412204552668,0.01300965665148186,129
0.5035906314849854,0.02928282017454104,0.07117834091186523,0.01011678743310194,5,log2,4,10,100,"{'model__max_depth': 5, 'model__max_features': 'log2', 'model__min_samples_leaf': 4, 'model__min_samples_split': 10, 'model__n_estimators': 100}",0.86,0.8269230769230769,0.8363636363636363,0.8440366972477065,0.8543689320388349,0.8443384685146509,0.011940507903760571,157
0.9477166652679443,0.047655443600894305,0.09553985595703125,0.009310339027745956,5,log2,4,10,200,"{'model__max_depth': 5, 'model__max_features': 'log2', 'model__min_samples_leaf': 4, 'model__min_samples_split': 10, 'model__n_estimators': 200}",0.86,0.8349514563106796,0.8256880733944955,0.8440366972477065,0.8543689320388349,0.8438090317983432,0.0124942911199209,165
1.260141944885254,0.06429105562335508,0.13296265602111818,0.018725367330895165,5,log2,4,10,300,"{'model__max_depth': 5, 'model__max_features': 'log2', 'model__min_samples_leaf': 4, 'model__min_samples_split': 10, 'model__n_estimators': 300}",0.86,0.8349514563106796,0.8363636363636363,0.8440366972477065,0.8653846153846154,0.8481472810613276,0.012389460144106412,125
0.4405082702636719,0.03217032856319416,0.06792254447937011,0.01657276683269102,5,log2,4,20,100,"{'model__max_depth': 5, 'model__max_features': 'log2', 'model__min_samples_leaf': 4, 'model__min_samples_split': 20, 'model__n_estimators': 100}",0.86,0.8349514563106796,0.8363636363636363,0.8363636363636363,0.8653846153846154,0.8466126688845137,0.013248968440739077,131
0.858838701248169,0.04500497724517958,0.10413494110107421,0.021880871927389658,5,log2,4,20,200,"{'model__max_depth': 5, 'model__max_features': 'log2', 'model__min_samples_leaf': 4, 'model__min_samples_split': 20, 'model__n_estimators': 200}",0.86,0.8349514563106796,0.8468468468468469,0.8440366972477065,0.8653846153846154,0.8502439231579697,0.011030420841379647,107
1.3452399253845215,0.043808254409652726,0.10673689842224121,0.013509252678035497,5,log2,4,20,300,"{'model__max_depth': 5, 'model__max_features': 'log2', 'model__min_samples_leaf': 4, 'model__min_samples_split': 20, 'model__n_estimators': 300}",0.86,0.8349514563106796,0.8468468468468469,0.8545454545454545,0.8653846153846154,0.8523456746175192,0.01064178220485265,95
0.502680778503418,0.06278781437326356,0.06787099838256835,0.012399009201745212,5,log2,8,5,100,"{'model__max_depth': 5, 'model__max_features': 'log2', 'model__min_samples_leaf': 8, 'model__min_samples_split': 5, 'model__n_estimators': 100}",0.86,0.8349514563106796,0.8363636363636363,0.8440366972477065,0.8543689320388349,0.8459441443921714,0.009846906150768633,135
0.8851365566253662,0.025014773870818515,0.11343903541564941,0.014994448465530481,5,log2,8,5,200,"{'model__max_depth': 5, 'model__max_features': 'log2', 'model__min_samples_leaf': 8, 'model__min_samples_split': 5, 'model__n_estimators': 200}",0.86,0.8349514563106796,0.8468468468468469,0.8440366972477065,0.8653846153846154,0.8502439231579697,0.011030420841379647,107
1.356516170501709,0.05873747813065682,0.13093738555908202,0.008486263719159028,5,log2,8,5,300,"{'model__max_depth': 5, 'model__max_features': 'log2', 'model__min_samples_leaf': 8, 'model__min_samples_split': 5, 'model__n_estimators': 300}",0.86,0.8349514563106796,0.8468468468468469,0.8545454545454545,0.8653846153846154,0.8523456746175192,0.01064178220485265,95
0.4890906810760498,0.025648631567545193,0.07395401000976562,0.008157825728064016,5,log2,8,10,100,"{'model__max_depth': 5, 'model__max_features': 'log2', 'model__min_samples_leaf': 8, 'model__min_samples_split': 10, 'model__n_estimators': 100}",0.86,0.8349514563106796,0.8363636363636363,0.8440366972477065,0.8543689320388349,0.8459441443921714,0.009846906150768633,135
0.9566208362579346,0.027961676460849877,0.10019855499267578,0.0194361455092833,5,log2,8,10,200,"{'model__max_depth': 5, 'model__max_features': 'log2', 'model__min_samples_leaf': 8, 'model__min_samples_split': 10, 'model__n_estimators': 200}",0.86,0.8349514563106796,0.8468468468468469,0.8440366972477065,0.8653846153846154,0.8502439231579697,0.011030420841379647,107
1.3969706535339355,0.07549103364342065,0.14199938774108886,0.02365484255655214,5,log2,8,10,300,"{'model__max_depth': 5, 'model__max_features': 'log2', 'model__min_samples_leaf': 8, 'model__min_samples_split': 10, 'model__n_estimators': 300}",0.86,0.8349514563106796,0.8468468468468469,0.8545454545454545,0.8653846153846154,0.8523456746175192,0.01064178220485265,95
0.47599101066589355,0.02565799650243933,0.06898908615112305,0.009605922330117849,5,log2,8,20,100,"{'model__max_depth': 5, 'model__max_features': 'log2', 'model__min_samples_leaf': 8, 'model__min_samples_split': 20, 'model__n_estimators': 100}",0.86,0.8349514563106796,0.8363636363636363,0.8288288288288288,0.8543689320388349,0.8429025707083959,0.012065219629703536,167
0.9441930770874023,0.014642104669143905,0.10556511878967285,0.011034679326093179,5,log2,8,20,200,"{'model__max_depth': 5, 'model__max_features': 'log2', 'model__min_samples_leaf': 8, 'model__min_samples_split': 20, 'model__n_estimators': 200}",0.86,0.8349514563106796,0.8363636363636363,0.8440366972477065,0.8653846153846154,0.8481472810613276,0.012389460144106412,125
1.3682347774505614,0.04302626725162413,0.1383519649505615,0.02232610986960729,5,log2,8,20,300,"{'model__max_depth': 5, 'model__max_features': 'log2', 'model__min_samples_leaf': 8, 'model__min_samples_split': 20, 'model__n_estimators': 300}",0.86,0.8349514563106796,0.8363636363636363,0.8545454545454545,0.8653846153846154,0.8502490325208771,0.012405212952364773,105
0.4946286201477051,0.02282219968682013,0.0751004695892334,0.010688398152960802,5,log2,16,5,100,"{'model__max_depth': 5, 'model__max_features': 'log2', 'model__min_samples_leaf': 16, 'model__min_samples_split': 5, 'model__n_estimators': 100}",0.8514851485148515,0.8349514563106796,0.8214285714285714,0.8173913043478261,0.8461538461538461,0.834282065351155,0.013325490214700279,211
0.8639944076538086,0.024736077894834178,0.092262601852417,0.006025847765427408,5,log2,16,5,200,"{'model__max_depth': 5, 'model__max_features': 'log2', 'model__min_samples_leaf': 16, 'model__min_samples_split': 5, 'model__n_estimators': 200}",0.8431372549019608,0.8349514563106796,0.8288288288288288,0.831858407079646,0.8543689320388349,0.8386289758319899,0.009203025957906867,187
1.228034496307373,0.03206012736113058,0.13651809692382813,0.020378074736449824,5,log2,16,5,300,"{'model__max_depth': 5, 'model__max_features': 'log2', 'model__min_samples_leaf': 16, 'model__min_samples_split': 5, 'model__n_estimators': 300}",0.8514851485148515,0.8349514563106796,0.8288288288288288,0.8392857142857143,0.8653846153846154,0.8439871526649381,0.013019934451184134,159
0.46728057861328126,0.02973174579554311,0.06728367805480957,0.014474171321534154,5,log2,16,10,100,"{'model__max_depth': 5, 'model__max_features': 'log2', 'model__min_samples_leaf': 16, 'model__min_samples_split': 10, 'model__n_estimators': 100}",0.8514851485148515,0.8349514563106796,0.8214285714285714,0.8173913043478261,0.8461538461538461,0.834282065351155,0.013325490214700279,211
0.8734038352966309,0.05907776623486714,0.10390639305114746,0.01232384719800323,5,log2,16,10,200,"{'model__max_depth': 5, 'model__max_features': 'log2', 'model__min_samples_leaf': 16, 'model__min_samples_split': 10, 'model__n_estimators': 200}",0.8431372549019608,0.8349514563106796,0.8288288288288288,0.831858407079646,0.8543689320388349,0.8386289758319899,0.009203025957906867,187
1.3653787612915038,0.047820873940158895,0.13242073059082032,0.01569828833048265,5,log2,16,10,300,"{'model__max_depth': 5, 'model__max_features': 'log2', 'model__min_samples_leaf': 16, 'model__min_samples_split': 10, 'model__n_estimators': 300}",0.8514851485148515,0.8349514563106796,0.8288288288288288,0.8392857142857143,0.8653846153846154,0.8439871526649381,0.013019934451184134,159
0.4848040580749512,0.03200129197789624,0.07160429954528809,0.009918036878151926,5,log2,16,20,100,"{'model__max_depth': 5, 'model__max_features': 'log2', 'model__min_samples_leaf': 16, 'model__min_samples_split': 20, 'model__n_estimators': 100}",0.8514851485148515,0.8349514563106796,0.8214285714285714,0.8173913043478261,0.8461538461538461,0.834282065351155,0.013325490214700279,211
0.8996791839599609,0.04442606525052037,0.10348057746887207,0.008936538399387876,5,log2,16,20,200,"{'model__max_depth': 5, 'model__max_features': 'log2', 'model__min_samples_leaf': 16, 'model__min_samples_split': 20, 'model__n_estimators': 200}",0.8431372549019608,0.8349514563106796,0.8288288288288288,0.831858407079646,0.8543689320388349,0.8386289758319899,0.009203025957906867,187
1.4005578994750976,0.05125395985713416,0.12408666610717774,0.011976820093509519,5,log2,16,20,300,"{'model__max_depth': 5, 'model__max_features': 'log2', 'model__min_samples_leaf': 16, 'model__min_samples_split': 20, 'model__n_estimators': 300}",0.8514851485148515,0.8349514563106796,0.8288288288288288,0.8392857142857143,0.8653846153846154,0.8439871526649381,0.013019934451184134,159
0.49845314025878906,0.01776263705770647,0.07405948638916016,0.009184958546315751,10,sqrt,4,5,100,"{'model__max_depth': 10, 'model__max_features': 'sqrt', 'model__min_samples_leaf': 4, 'model__min_samples_split': 5, 'model__n_estimators': 100}",0.8686868686868687,0.86,0.8518518518518519,0.8761904761904762,0.8823529411764706,0.8678164275811335,0.01093761220454154,5
0.9962109088897705,0.03764258966246979,0.11456446647644043,0.01148799488829567,10,sqrt,4,5,200,"{'model__max_depth': 10, 'model__max_features': 'sqrt', 'model__min_samples_leaf': 4, 'model__min_samples_split': 5, 'model__n_estimators': 200}",0.8686868686868687,0.8514851485148515,0.8785046728971962,0.8761904761904762,0.86,0.8669734332578786,0.01009331426928946,7
1.4947426795959473,0.050029833550432765,0.12166528701782227,0.00533009951260904,10,sqrt,4,5,300,"{'model__max_depth': 10, 'model__max_features': 'sqrt', 'model__min_samples_leaf': 4, 'model__min_samples_split': 5, 'model__n_estimators': 300}",0.8686868686868687,0.8514851485148515,0.8571428571428571,0.8679245283018868,0.8823529411764706,0.8655184687645872,0.010642483631377682,13
0.5103039264678955,0.0323725535919558,0.08324742317199707,0.021591058884347012,10,sqrt,4,10,100,"{'model__max_depth': 10, 'model__max_features': 'sqrt', 'model__min_samples_leaf': 4, 'model__min_samples_split': 10, 'model__n_estimators': 100}",0.8686868686868687,0.8349514563106796,0.8703703703703703,0.8598130841121495,0.8712871287128713,0.8610217816385879,0.013657597400001418,25
0.9067142486572266,0.029893992729070677,0.09334640502929688,0.008717146435569702,10,sqrt,4,10,200,"{'model__max_depth': 10, 'model__max_features': 'sqrt', 'model__min_samples_leaf': 4, 'model__min_samples_split': 10, 'model__n_estimators': 200}",0.8686868686868687,0.8431372549019608,0.8598130841121495,0.8598130841121495,0.8712871287128713,0.8605474841052001,0.009856818099937709,27
1.4809059619903564,0.10078699995632723,0.16013689041137696,0.033758855365571466,10,sqrt,4,10,300,"{'model__max_depth': 10, 'model__max_features': 'sqrt', 'model__min_samples_leaf': 4, 'model__min_samples_split': 10, 'model__n_estimators': 300}",0.8686868686868687,0.8431372549019608,0.8679245283018868,0.8598130841121495,0.8712871287128713,0.8621697729431474,0.010261643607509785,19
0.509584379196167,0.0456778634417748,0.08860840797424316,0.02037723381894937,10,sqrt,4,20,100,"{'model__max_depth': 10, 'model__max_features': 'sqrt', 'model__min_samples_leaf': 4, 'model__min_samples_split': 20, 'model__n_estimators': 100}",0.86,0.8349514563106796,0.8679245283018868,0.8598130841121495,0.8627450980392157,0.8570868333527863,0.011448716006479029,47
1.1158649444580078,0.09158173863204432,0.11033158302307129,0.01565510261696891,10,sqrt,4,20,200,"{'model__max_depth': 10, 'model__max_features': 'sqrt', 'model__min_samples_leaf': 4, 'model__min_samples_split': 20, 'model__n_estimators': 200}",0.86,0.8349514563106796,0.8518518518518519,0.8598130841121495,0.8514851485148515,0.8516203081579066,0.009113323386350205,103
1.5659987926483154,0.032054661754141484,0.15830297470092775,0.023468968966688306,10,sqrt,4,20,300,"{'model__max_depth': 10, 'model__max_features': 'sqrt', 'model__min_samples_leaf': 4, 'model__min_samples_split': 20, 'model__n_estimators': 300}",0.86,0.8349514563106796,0.8598130841121495,0.8598130841121495,0.8737864077669902,0.8576728064603938,0.01257366538697336,41
0.5855485439300537,0.052776331681958534,0.10108990669250488,0.020459491085334333,10,sqrt,8,5,100,"{'model__max_depth': 10, 'model__max_features': 'sqrt', 'model__min_samples_leaf': 8, 'model__min_samples_split': 5, 'model__n_estimators': 100}",0.86,0.8349514563106796,0.8598130841121495,0.8518518518518519,0.8712871287128713,0.8555807041975104,0.012030005772072675,61
1.0341296672821045,0.03844045955284128,0.11810474395751953,0.017244716564759312,10,sqrt,8,5,200,"{'model__max_depth': 10, 'model__max_features': 'sqrt', 'model__min_samples_leaf': 8, 'model__min_samples_split': 5, 'model__n_estimators': 200}",0.86,0.8349514563106796,0.8598130841121495,0.8518518518518519,0.8627450980392157,0.8538722980627792,0.010135568112709928,83
1.6518236637115478,0.14535712180581342,0.15867376327514648,0.01450579128853855,10,sqrt,8,5,300,"{'model__max_depth': 10, 'model__max_features': 'sqrt', 'model__min_samples_leaf': 8, 'model__min_samples_split': 5, 'model__n_estimators': 300}",0.86,0.8349514563106796,0.8623853211009175,0.8518518518518519,0.8737864077669902,0.8565950074060877,0.012896563745813775,49
0.5702755451202393,0.04588471818096336,0.08969411849975586,0.009505327068751344,10,sqrt,8,10,100,"{'model__max_depth': 10, 'model__max_features': 'sqrt', 'model__min_samples_leaf': 8, 'model__min_samples_split': 10, 'model__n_estimators': 100}",0.86,0.8349514563106796,0.8598130841121495,0.8518518518518519,0.8712871287128713,0.8555807041975104,0.012030005772072675,61
1.0175457000732422,0.027637406378532195,0.12205719947814941,0.015420067455938581,10,sqrt,8,10,200,"{'model__max_depth': 10, 'model__max_features': 'sqrt', 'model__min_samples_leaf': 8, 'model__min_samples_split': 10, 'model__n_estimators': 200}",0.86,0.8349514563106796,0.8598130841121495,0.8518518518518519,0.8627450980392157,0.8538722980627792,0.010135568112709928,83
1.463282823562622,0.0683412512353055,0.13100099563598633,0.011746323472288446,10,sqrt,8,10,300,"{'model__max_depth': 10, 'model__max_features': 'sqrt', 'model__min_samples_leaf': 8, 'model__min_samples_split': 10, 'model__n_estimators': 300}",0.86,0.8349514563106796,0.8623853211009175,0.8518518518518519,0.8737864077669902,0.8565950074060877,0.012896563745813775,49
0.48195295333862304,0.020470529427899117,0.06210618019104004,0.0076896430395073856,10,sqrt,8,20,100,"{'model__max_depth': 10, 'model__max_features': 'sqrt', 'model__min_samples_leaf': 8, 'model__min_samples_split': 20, 'model__n_estimators': 100}",0.86,0.8349514563106796,0.8598130841121495,0.8440366972477065,0.8737864077669902,0.8545175290875051,0.013579905123764863,77
0.8532243251800538,0.05385382998960574,0.10769939422607422,0.024287432504066595,10,sqrt,8,20,200,"{'model__max_depth': 10, 'model__max_features': 'sqrt', 'model__min_samples_leaf': 8, 'model__min_samples_split': 20, 'model__n_estimators': 200}",0.86,0.8349514563106796,0.8363636363636363,0.8518518518518519,0.8653846153846154,0.8497103119821567,0.012264625803243,113
1.3489761352539062,0.0894079013806172,0.14364757537841796,0.040462614757575455,10,sqrt,8,20,300,"{'model__max_depth': 10, 'model__max_features': 'sqrt', 'model__min_samples_leaf': 8, 'model__min_samples_split': 20, 'model__n_estimators': 300}",0.86,0.8349514563106796,0.8256880733944955,0.8518518518518519,0.8737864077669902,0.8492555578648033,0.01722776840868419,119
0.4737576961517334,0.025750423364851248,0.07151389122009277,0.010036209522488593,10,sqrt,16,5,100,"{'model__max_depth': 10, 'model__max_features': 'sqrt', 'model__min_samples_leaf': 16, 'model__min_samples_split': 5, 'model__n_estimators': 100}",0.8514851485148515,0.8349514563106796,0.8288288288288288,0.8214285714285714,0.8543689320388349,0.8382125874243531,0.012787348776577638,193
0.9256836891174316,0.07288341864240903,0.09594335556030273,0.0104161935522279,10,sqrt,16,5,200,"{'model__max_depth': 10, 'model__max_features': 'sqrt', 'model__min_samples_leaf': 16, 'model__min_samples_split': 5, 'model__n_estimators': 200}",0.8514851485148515,0.8349514563106796,0.8256880733944955,0.8392857142857143,0.8543689320388349,0.8411558649089151,0.010606827674026787,169
1.2955477714538575,0.08344238600145874,0.1290153980255127,0.013647135448041097,10,sqrt,16,5,300,"{'model__max_depth': 10, 'model__max_features': 'sqrt', 'model__min_samples_leaf': 16, 'model__min_samples_split': 5, 'model__n_estimators': 300}",0.8514851485148515,0.8349514563106796,0.8256880733944955,0.8468468468468469,0.8653846153846154,0.8448712280902978,0.013673634245386422,139
0.5018768310546875,0.018147746714133745,0.06732935905456543,0.011981495249665833,10,sqrt,16,10,100,"{'model__max_depth': 10, 'model__max_features': 'sqrt', 'model__min_samples_leaf': 16, 'model__min_samples_split': 10, 'model__n_estimators': 100}",0.8514851485148515,0.8349514563106796,0.8288288288288288,0.8214285714285714,0.8543689320388349,0.8382125874243531,0.012787348776577638,193
0.9310555934906006,0.04165300240697366,0.10549421310424804,0.016915133556887733,10,sqrt,16,10,200,"{'model__max_depth': 10, 'model__max_features': 'sqrt', 'model__min_samples_leaf': 16, 'model__min_samples_split': 10, 'model__n_estimators': 200}",0.8514851485148515,0.8349514563106796,0.8256880733944955,0.8392857142857143,0.8543689320388349,0.8411558649089151,0.010606827674026787,169
1.359990406036377,0.01419286404199505,0.13524580001831055,0.013742969123797416,10,sqrt,16,10,300,"{'model__max_depth': 10, 'model__max_features': 'sqrt', 'model__min_samples_leaf': 16, 'model__min_samples_split': 10, 'model__n_estimators': 300}",0.8514851485148515,0.8349514563106796,0.8256880733944955,0.8468468468468469,0.8653846153846154,0.8448712280902978,0.013673634245386422,139
0.4842243194580078,0.03946279723478866,0.06706094741821289,0.011338643096252711,10,sqrt,16,20,100,"{'model__max_depth': 10, 'model__max_features': 'sqrt', 'model__min_samples_leaf': 16, 'model__min_samples_split': 20, 'model__n_estimators': 100}",0.8514851485148515,0.8349514563106796,0.8288288288288288,0.8214285714285714,0.8543689320388349,0.8382125874243531,0.012787348776577638,193
0.9160840511322021,0.014263139376980625,0.10623822212219239,0.01431278177998729,10,sqrt,16,20,200,"{'model__max_depth': 10, 'model__max_features': 'sqrt', 'model__min_samples_leaf': 16, 'model__min_samples_split': 20, 'model__n_estimators': 200}",0.8514851485148515,0.8349514563106796,0.8256880733944955,0.8392857142857143,0.8543689320388349,0.8411558649089151,0.010606827674026787,169
1.379859161376953,0.037331058811968465,0.12742085456848146,0.013434031890359742,10,sqrt,16,20,300,"{'model__max_depth': 10, 'model__max_features': 'sqrt', 'model__min_samples_leaf': 16, 'model__min_samples_split': 20, 'model__n_estimators': 300}",0.8514851485148515,0.8349514563106796,0.8256880733944955,0.8468468468468469,0.8653846153846154,0.8448712280902978,0.013673634245386422,139
0.5128356456756592,0.04968041616643843,0.06506915092468261,0.002214472881817585,10,log2,4,5,100,"{'model__max_depth': 10, 'model__max_features': 'log2', 'model__min_samples_leaf': 4, 'model__min_samples_split': 5, 'model__n_estimators': 100}",0.8686868686868687,0.86,0.8518518518518519,0.8761904761904762,0.8823529411764706,0.8678164275811335,0.01093761220454154,5
0.9698652744293212,0.032140179283425135,0.10238380432128906,0.014045115291622995,10,log2,4,5,200,"{'model__max_depth': 10, 'model__max_features': 'log2', 'model__min_samples_leaf': 4, 'model__min_samples_split': 5, 'model__n_estimators': 200}",0.8686868686868687,0.8514851485148515,0.8785046728971962,0.8761904761904762,0.86,0.8669734332578786,0.01009331426928946,7
1.3306003570556642,0.07429649225101181,0.12630147933959962,0.025108649070307767,10,log2,4,5,300,"{'model__max_depth': 10, 'model__max_features': 'log2', 'model__min_samples_leaf': 4, 'model__min_samples_split': 5, 'model__n_estimators': 300}",0.8686868686868687,0.8514851485148515,0.8571428571428571,0.8679245283018868,0.8823529411764706,0.8655184687645872,0.010642483631377682,13
0.45760650634765626,0.017744768725956993,0.06658730506896973,0.008799384793696826,10,log2,4,10,100,"{'model__max_depth': 10, 'model__max_features': 'log2', 'model__min_samples_leaf': 4, 'model__min_samples_split': 10, 'model__n_estimators': 100}",0.8686868686868687,0.8349514563106796,0.8703703703703703,0.8598130841121495,0.8712871287128713,0.8610217816385879,0.013657597400001418,25
0.9189949035644531,0.056315535374747525,0.10573968887329102,0.012032242343096614,10,log2,4,10,200,"{'model__max_depth': 10, 'model__max_features': 'log2', 'model__min_samples_leaf': 4, 'model__min_samples_split': 10, 'model__n_estimators': 200}",0.8686868686868687,0.8431372549019608,0.8598130841121495,0.8598130841121495,0.8712871287128713,0.8605474841052001,0.009856818099937709,27
1.3703677654266357,0.06316882643447436,0.15536789894104003,0.024640222002873337,10,log2,4,10,300,"{'model__max_depth': 10, 'model__max_features': 'log2', 'model__min_samples_leaf': 4, 'model__min_samples_split': 10, 'model__n_estimators': 300}",0.8686868686868687,0.8431372549019608,0.8679245283018868,0.8598130841121495,0.8712871287128713,0.8621697729431474,0.010261643607509785,19
0.5122243881225585,0.041751672486898275,0.08408498764038086,0.011542734145434393,10,log2,4,20,100,"{'model__max_depth': 10, 'model__max_features': 'log2', 'model__min_samples_leaf': 4, 'model__min_samples_split': 20, 'model__n_estimators': 100}",0.86,0.8349514563106796,0.8679245283018868,0.8598130841121495,0.8627450980392157,0.8570868333527863,0.011448716006479029,47
0.9527798175811768,0.05530941948999165,0.10795197486877442,0.01979679235053581,10,log2,4,20,200,"{'model__max_depth': 10, 'model__max_features': 'log2', 'model__min_samples_leaf': 4, 'model__min_samples_split': 20, 'model__n_estimators': 200}",0.86,0.8349514563106796,0.8518518518518519,0.8598130841121495,0.8514851485148515,0.8516203081579066,0.009113323386350205,103
1.4137376308441163,0.04826443370600998,0.12518105506896973,0.006057639009327234,10,log2,4,20,300,"{'model__max_depth': 10, 'model__max_features': 'log2', 'model__min_samples_leaf': 4, 'model__min_samples_split': 20, 'model__n_estimators': 300}",0.86,0.8349514563106796,0.8598130841121495,0.8598130841121495,0.8737864077669902,0.8576728064603938,0.01257366538697336,41
0.4793219089508057,0.037898678318647044,0.07310247421264648,0.006476559536658961,10,log2,8,5,100,"{'model__max_depth': 10, 'model__max_features': 'log2', 'model__min_samples_leaf': 8, 'model__min_samples_split': 5, 'model__n_estimators': 100}",0.86,0.8349514563106796,0.8598130841121495,0.8518518518518519,0.8712871287128713,0.8555807041975104,0.012030005772072675,61
0.9273013114929199,0.03564884857180067,0.1055375576019287,0.01914413011855138,10,log2,8,5,200,"{'model__max_depth': 10, 'model__max_features': 'log2', 'model__min_samples_leaf': 8, 'model__min_samples_split': 5, 'model__n_estimators': 200}",0.86,0.8349514563106796,0.8598130841121495,0.8518518518518519,0.8627450980392157,0.8538722980627792,0.010135568112709928,83
1.4054809093475342,0.026586564363111978,0.13496832847595214,0.013363528669502654,10,log2,8,5,300,"{'model__max_depth': 10, 'model__max_features': 'log2', 'model__min_samples_leaf': 8, 'model__min_samples_split': 5, 'model__n_estimators': 300}",0.86,0.8349514563106796,0.8623853211009175,0.8518518518518519,0.8737864077669902,0.8565950074060877,0.012896563745813775,49
0.5091997623443604,0.04153685681474293,0.07038288116455078,0.006427505170968739,10,log2,8,10,100,"{'model__max_depth': 10, 'model__max_features': 'log2', 'model__min_samples_leaf': 8, 'model__min_samples_split': 10, 'model__n_estimators': 100}",0.86,0.8349514563106796,0.8598130841121495,0.8518518518518519,0.8712871287128713,0.8555807041975104,0.012030005772072675,61
0.9419410228729248,0.02036907182559497,0.10832891464233399,0.03141382586968025,10,log2,8,10,200,"{'model__max_depth': 10, 'model__max_features': 'log2', 'model__min_samples_leaf': 8, 'model__min_samples_split': 10, 'model__n_estimators': 200}",0.86,0.8349514563106796,0.8598130841121495,0.8518518518518519,0.8627450980392157,0.8538722980627792,0.010135568112709928,83
1.4184229373931885,0.04216624098567407,0.136210298538208,0.011267170555931471,10,log2,8,10,300,"{'model__max_depth': 10, 'model__max_features': 'log2', 'model__min_samples_leaf': 8, 'model__min_samples_split': 10, 'model__n_estimators': 300}",0.86,0.8349514563106796,0.8623853211009175,0.8518518518518519,0.8737864077669902,0.8565950074060877,0.012896563745813775,49
0.5070878028869629,0.035715988851866415,0.06898536682128906,0.017146291725730685,10,log2,8,20,100,"{'model__max_depth': 10, 'model__max_features': 'log2', 'model__min_samples_leaf': 8, 'model__min_samples_split': 20, 'model__n_estimators': 100}",0.86,0.8349514563106796,0.8598130841121495,0.8440366972477065,0.8737864077669902,0.8545175290875051,0.013579905123764863,77
0.9263712406158447,0.0339605456410829,0.09639582633972169,0.007348038905134586,10,log2,8,20,200,"{'model__max_depth': 10, 'model__max_features': 'log2', 'model__min_samples_leaf': 8, 'model__min_samples_split': 20, 'model__n_estimators': 200}",0.86,0.8349514563106796,0.8363636363636363,0.8518518518518519,0.8653846153846154,0.8497103119821567,0.012264625803243,113
1.3197969913482666,0.03834069787510495,0.13883056640625,0.029515205904571875,10,log2,8,20,300,"{'model__max_depth': 10, 'model__max_features': 'log2', 'model__min_samples_leaf': 8, 'model__min_samples_split': 20, 'model__n_estimators': 300}",0.86,0.8349514563106796,0.8256880733944955,0.8518518518518519,0.8737864077669902,0.8492555578648033,0.01722776840868419,119
0.4396709442138672,0.007678937946779104,0.07358007431030274,0.011910490584666377,10,log2,16,5,100,"{'model__max_depth': 10, 'model__max_features': 'log2', 'model__min_samples_leaf': 16, 'model__min_samples_split': 5, 'model__n_estimators': 100}",0.8514851485148515,0.8349514563106796,0.8288288288288288,0.8214285714285714,0.8543689320388349,0.8382125874243531,0.012787348776577638,193
0.9201404094696045,0.06882939731969999,0.10517649650573731,0.011544422912009033,10,log2,16,5,200,"{'model__max_depth': 10, 'model__max_features': 'log2', 'model__min_samples_leaf': 16, 'model__min_samples_split': 5, 'model__n_estimators': 200}",0.8514851485148515,0.8349514563106796,0.8256880733944955,0.8392857142857143,0.8543689320388349,0.8411558649089151,0.010606827674026787,169
1.3987862110137939,0.023971609116057464,0.13623104095458985,0.020857152056780646,10,log2,16,5,300,"{'model__max_depth': 10, 'model__max_features': 'log2', 'model__min_samples_leaf': 16, 'model__min_samples_split': 5, 'model__n_estimators': 300}",0.8514851485148515,0.8349514563106796,0.8256880733944955,0.8468468468468469,0.8653846153846154,0.8448712280902978,0.013673634245386422,139
0.45764999389648436,0.022610580268078214,0.07760696411132813,0.01275749244398503,10,log2,16,10,100,"{'model__max_depth': 10, 'model__max_features': 'log2', 'model__min_samples_leaf': 16, 'model__min_samples_split': 10, 'model__n_estimators': 100}",0.8514851485148515,0.8349514563106796,0.8288288288288288,0.8214285714285714,0.8543689320388349,0.8382125874243531,0.012787348776577638,193
0.9195289134979248,0.037398547530242646,0.10978155136108399,0.020535079553494366,10,log2,16,10,200,"{'model__max_depth': 10, 'model__max_features': 'log2', 'model__min_samples_leaf': 16, 'model__min_samples_split': 10, 'model__n_estimators': 200}",0.8514851485148515,0.8349514563106796,0.8256880733944955,0.8392857142857143,0.8543689320388349,0.8411558649089151,0.010606827674026787,169
1.3414149284362793,0.05096019344218074,0.14434270858764647,0.017605455101309876,10,log2,16,10,300,"{'model__max_depth': 10, 'model__max_features': 'log2', 'model__min_samples_leaf': 16, 'model__min_samples_split': 10, 'model__n_estimators': 300}",0.8514851485148515,0.8349514563106796,0.8256880733944955,0.8468468468468469,0.8653846153846154,0.8448712280902978,0.013673634245386422,139
0.4904448986053467,0.023875365145016588,0.09122166633605958,0.009452745649579392,10,log2,16,20,100,"{'model__max_depth': 10, 'model__max_features': 'log2', 'model__min_samples_leaf': 16, 'model__min_samples_split': 20, 'model__n_estimators': 100}",0.8514851485148515,0.8349514563106796,0.8288288288288288,0.8214285714285714,0.8543689320388349,0.8382125874243531,0.012787348776577638,193
0.915857982635498,0.03443756006425998,0.09202303886413574,0.0171194175543328,10,log2,16,20,200,"{'model__max_depth': 10, 'model__max_features': 'log2', 'model__min_samples_leaf': 16, 'model__min_samples_split': 20, 'model__n_estimators': 200}",0.8514851485148515,0.8349514563106796,0.8256880733944955,0.8392857142857143,0.8543689320388349,0.8411558649089151,0.010606827674026787,169
1.4062301635742187,0.07280677323935629,0.13977737426757814,0.02050126461031877,10,log2,16,20,300,"{'model__max_depth': 10, 'model__max_features': 'log2', 'model__min_samples_leaf': 16, 'model__min_samples_split': 20, 'model__n_estimators': 300}",0.8514851485148515,0.8349514563106796,0.8256880733944955,0.8468468468468469,0.8653846153846154,0.8448712280902978,0.013673634245386422,139
0.5132514476776123,0.04654740348660761,0.08322477340698242,0.019780722948891338,15,sqrt,4,5,100,"{'model__max_depth': 15, 'model__max_features': 'sqrt', 'model__min_samples_leaf': 4, 'model__min_samples_split': 5, 'model__n_estimators': 100}",0.8686868686868687,0.86,0.8598130841121495,0.8846153846153846,0.8910891089108911,0.8728408892650588,0.012833583226683671,1
1.0503867626190186,0.05084110344948717,0.1025705337524414,0.01988707584271717,15,sqrt,4,5,200,"{'model__max_depth': 15, 'model__max_features': 'sqrt', 'model__min_samples_leaf': 4, 'model__min_samples_split': 5, 'model__n_estimators': 200}",0.8686868686868687,0.8514851485148515,0.8785046728971962,0.8761904761904762,0.86,0.8669734332578786,0.01009331426928946,7
1.417792844772339,0.06748584731454525,0.15018396377563475,0.019163102838429556,15,sqrt,4,5,300,"{'model__max_depth': 15, 'model__max_features': 'sqrt', 'model__min_samples_leaf': 4, 'model__min_samples_split': 5, 'model__n_estimators': 300}",0.8686868686868687,0.8431372549019608,0.8571428571428571,0.8761904761904762,0.8823529411764706,0.8655020796197267,0.013988554056331485,15
0.5137740135192871,0.04674926287508219,0.07972917556762696,0.010985432986749194,15,sqrt,4,10,100,"{'model__max_depth': 15, 'model__max_features': 'sqrt', 'model__min_samples_leaf': 4, 'model__min_samples_split': 10, 'model__n_estimators': 100}",0.8686868686868687,0.8349514563106796,0.8598130841121495,0.8598130841121495,0.8712871287128713,0.8589103243869438,0.012840743074366312,33
1.085480308532715,0.016975982629727306,0.1134119987487793,0.01602931373896838,15,sqrt,4,10,200,"{'model__max_depth': 15, 'model__max_features': 'sqrt', 'model__min_samples_leaf': 4, 'model__min_samples_split': 10, 'model__n_estimators': 200}",0.86,0.8431372549019608,0.8598130841121495,0.8598130841121495,0.8712871287128713,0.8588101103678263,0.008997134379755117,37
1.5286065578460692,0.04301631494920609,0.13692679405212402,0.004340833493219152,15,sqrt,4,10,300,"{'model__max_depth': 15, 'model__max_features': 'sqrt', 'model__min_samples_leaf': 4, 'model__min_samples_split': 10, 'model__n_estimators': 300}",0.8686868686868687,0.8431372549019608,0.8679245283018868,0.8598130841121495,0.8712871287128713,0.8621697729431474,0.010261643607509785,19
0.5835594654083252,0.05882847357421046,0.07386693954467774,0.008930531364321212,15,sqrt,4,20,100,"{'model__max_depth': 15, 'model__max_features': 'sqrt', 'model__min_samples_leaf': 4, 'model__min_samples_split': 20, 'model__n_estimators': 100}",0.86,0.8349514563106796,0.8679245283018868,0.8598130841121495,0.8737864077669902,0.8592950952983414,0.013250231795994785,29
0.9773654460906982,0.023645422075057897,0.10719270706176758,0.01269701112894681,15,sqrt,4,20,200,"{'model__max_depth': 15, 'model__max_features': 'sqrt', 'model__min_samples_leaf': 4, 'model__min_samples_split': 20, 'model__n_estimators': 200}",0.86,0.8349514563106796,0.8598130841121495,0.8598130841121495,0.8627450980392157,0.8554645445148388,0.010316813432543702,73
1.4522509098052978,0.06157424298380193,0.13886561393737792,0.017212735817220007,15,sqrt,4,20,300,"{'model__max_depth': 15, 'model__max_features': 'sqrt', 'model__min_samples_leaf': 4, 'model__min_samples_split': 20, 'model__n_estimators': 300}",0.86,0.8349514563106796,0.8598130841121495,0.8598130841121495,0.8737864077669902,0.8576728064603938,0.01257366538697336,41
0.4621897220611572,0.03117668625949522,0.0726698398590088,0.01872855067932187,15,sqrt,8,5,100,"{'model__max_depth': 15, 'model__max_features': 'sqrt', 'model__min_samples_leaf': 8, 'model__min_samples_split': 5, 'model__n_estimators': 100}",0.86,0.8349514563106796,0.8598130841121495,0.8518518518518519,0.8712871287128713,0.8555807041975104,0.012030005772072675,61
0.9508208274841309,0.025456148956151163,0.09879322052001953,0.02045133555313871,15,sqrt,8,5,200,"{'model__max_depth': 15, 'model__max_features': 'sqrt', 'model__min_samples_leaf': 8, 'model__min_samples_split': 5, 'model__n_estimators': 200}",0.86,0.8349514563106796,0.8598130841121495,0.8518518518518519,0.8627450980392157,0.8538722980627792,0.010135568112709928,83
1.3978663444519044,0.045497826750104206,0.11445107460021972,0.01037779229923295,15,sqrt,8,5,300,"{'model__max_depth': 15, 'model__max_features': 'sqrt', 'model__min_samples_leaf': 8, 'model__min_samples_split': 5, 'model__n_estimators': 300}",0.86,0.8349514563106796,0.8623853211009175,0.8518518518518519,0.8737864077669902,0.8565950074060877,0.012896563745813775,49
0.5209155082702637,0.05530029187745587,0.07350239753723145,0.010432003538127043,15,sqrt,8,10,100,"{'model__max_depth': 15, 'model__max_features': 'sqrt', 'model__min_samples_leaf': 8, 'model__min_samples_split': 10, 'model__n_estimators': 100}",0.86,0.8349514563106796,0.8598130841121495,0.8518518518518519,0.8712871287128713,0.8555807041975104,0.012030005772072675,61
0.872481393814087,0.04422476345033039,0.09292368888854981,0.006294994255034294,15,sqrt,8,10,200,"{'model__max_depth': 15, 'model__max_features': 'sqrt', 'model__min_samples_leaf': 8, 'model__min_samples_split': 10, 'model__n_estimators': 200}",0.86,0.8349514563106796,0.8598130841121495,0.8518518518518519,0.8627450980392157,0.8538722980627792,0.010135568112709928,83
1.3046933174133302,0.06180378499075965,0.1296383857727051,0.011636060367314802,15,sqrt,8,10,300,"{'model__max_depth': 15, 'model__max_features': 'sqrt', 'model__min_samples_leaf': 8, 'model__min_samples_split': 10, 'model__n_estimators': 300}",0.86,0.8349514563106796,0.8623853211009175,0.8518518518518519,0.8737864077669902,0.8565950074060877,0.012896563745813775,49
0.48504347801208497,0.03319382915400919,0.08934559822082519,0.011491056876446512,15,sqrt,8,20,100,"{'model__max_depth': 15, 'model__max_features': 'sqrt', 'model__min_samples_leaf': 8, 'model__min_samples_split': 20, 'model__n_estimators': 100}",0.86,0.8349514563106796,0.8598130841121495,0.8440366972477065,0.8737864077669902,0.8545175290875051,0.013579905123764863,77
0.9231917381286621,0.055109648932242045,0.11053390502929687,0.017830861916975554,15,sqrt,8,20,200,"{'model__max_depth': 15, 'model__max_features': 'sqrt', 'model__min_samples_leaf': 8, 'model__min_samples_split': 20, 'model__n_estimators': 200}",0.86,0.8349514563106796,0.8363636363636363,0.8518518518518519,0.8653846153846154,0.8497103119821567,0.012264625803243,113
1.3802173614501954,0.047873868352028906,0.123008394241333,0.01703270716689241,15,sqrt,8,20,300,"{'model__max_depth': 15, 'model__max_features': 'sqrt', 'model__min_samples_leaf': 8, 'model__min_samples_split': 20, 'model__n_estimators': 300}",0.86,0.8349514563106796,0.8256880733944955,0.8518518518518519,0.8737864077669902,0.8492555578648033,0.01722776840868419,119
0.4676017761230469,0.02315930195678138,0.0741487979888916,0.006368514746278935,15,sqrt,16,5,100,"{'model__max_depth': 15, 'model__max_features': 'sqrt', 'model__min_samples_leaf': 16, 'model__min_samples_split': 5, 'model__n_estimators': 100}",0.8514851485148515,0.8349514563106796,0.8288288288288288,0.8214285714285714,0.8543689320388349,0.8382125874243531,0.012787348776577638,193
0.9127423763275146,0.03248344164044078,0.11034455299377441,0.014028233793156973,15,sqrt,16,5,200,"{'model__max_depth': 15, 'model__max_features': 'sqrt', 'model__min_samples_leaf': 16, 'model__min_samples_split': 5, 'model__n_estimators': 200}",0.8514851485148515,0.8349514563106796,0.8256880733944955,0.8392857142857143,0.8543689320388349,0.8411558649089151,0.010606827674026787,169
1.3876901149749756,0.027621177690573803,0.1328758716583252,0.012708009255955294,15,sqrt,16,5,300,"{'model__max_depth': 15, 'model__max_features': 'sqrt', 'model__min_samples_leaf': 16, 'model__min_samples_split': 5, 'model__n_estimators': 300}",0.8514851485148515,0.8349514563106796,0.8256880733944955,0.8468468468468469,0.8653846153846154,0.8448712280902978,0.013673634245386422,139
0.48923254013061523,0.04698164166562157,0.06355385780334473,0.00981167982538348,15,sqrt,16,10,100,"{'model__max_depth': 15, 'model__max_features': 'sqrt', 'model__min_samples_leaf': 16, 'model__min_samples_split': 10, 'model__n_estimators': 100}",0.8514851485148515,0.8349514563106796,0.8288288288288288,0.8214285714285714,0.8543689320388349,0.8382125874243531,0.012787348776577638,193
0.9167550563812256,0.0176082762695543,0.10073108673095703,0.007321915393794343,15,sqrt,16,10,200,"{'model__max_depth': 15, 'model__max_features': 'sqrt', 'model__min_samples_leaf': 16, 'model__min_samples_split': 10, 'model__n_estimators': 200}",0.8514851485148515,0.8349514563106796,0.8256880733944955,0.8392857142857143,0.8543689320388349,0.8411558649089151,0.010606827674026787,169
1.3618230819702148,0.016075568799798316,0.14720091819763184,0.02139265232241454,15,sqrt,16,10,300,"{'model__max_depth': 15, 'model__max_features': 'sqrt', 'model__min_samples_leaf': 16, 'model__min_samples_split': 10, 'model__n_estimators': 300}",0.8514851485148515,0.8349514563106796,0.8256880733944955,0.8468468468468469,0.8653846153846154,0.8448712280902978,0.013673634245386422,139
0.4941375732421875,0.01570791077468173,0.0794294834136963,0.008041103824945885,15,sqrt,16,20,100,"{'model__max_depth': 15, 'model__max_features': 'sqrt', 'model__min_samples_leaf': 16, 'model__min_samples_split': 20, 'model__n_estimators': 100}",0.8514851485148515,0.8349514563106796,0.8288288288288288,0.8214285714285714,0.8543689320388349,0.8382125874243531,0.012787348776577638,193
0.9013915061950684,0.04127912009523809,0.08655486106872559,0.010296415759705548,15,sqrt,16,20,200,"{'model__max_depth': 15, 'model__max_features': 'sqrt', 'model__min_samples_leaf': 16, 'model__min_samples_split': 20, 'model__n_estimators': 200}",0.8514851485148515,0.8349514563106796,0.8256880733944955,0.8392857142857143,0.8543689320388349,0.8411558649089151,0.010606827674026787,169
1.252354907989502,0.02855694773485233,0.1221229076385498,0.019624310992340296,15,sqrt,16,20,300,"{'model__max_depth': 15, 'model__max_features': 'sqrt', 'model__min_samples_leaf': 16, 'model__min_samples_split': 20, 'model__n_estimators': 300}",0.8514851485148515,0.8349514563106796,0.8256880733944955,0.8468468468468469,0.8653846153846154,0.8448712280902978,0.013673634245386422,139
0.4754199981689453,0.03005771095392639,0.09143199920654296,0.031150733254645572,15,log2,4,5,100,"{'model__max_depth': 15, 'model__max_features': 'log2', 'model__min_samples_leaf': 4, 'model__min_samples_split': 5, 'model__n_estimators': 100}",0.8686868686868687,0.86,0.8598130841121495,0.8846153846153846,0.8910891089108911,0.8728408892650588,0.012833583226683671,1
0.9567305088043213,0.025360682618822877,0.10753006935119629,0.012553069967430008,15,log2,4,5,200,"{'model__max_depth': 15, 'model__max_features': 'log2', 'model__min_samples_leaf': 4, 'model__min_samples_split': 5, 'model__n_estimators': 200}",0.8686868686868687,0.8514851485148515,0.8785046728971962,0.8761904761904762,0.86,0.8669734332578786,0.01009331426928946,7
1.4624238967895509,0.018241913228739706,0.1594867706298828,0.01663986731899941,15,log2,4,5,300,"{'model__max_depth': 15, 'model__max_features': 'log2', 'model__min_samples_leaf': 4, 'model__min_samples_split': 5, 'model__n_estimators': 300}",0.8686868686868687,0.8431372549019608,0.8571428571428571,0.8761904761904762,0.8823529411764706,0.8655020796197267,0.013988554056331485,15
0.4991633892059326,0.02187519633750896,0.07097315788269043,0.01498258601490102,15,log2,4,10,100,"{'model__max_depth': 15, 'model__max_features': 'log2', 'model__min_samples_leaf': 4, 'model__min_samples_split': 10, 'model__n_estimators': 100}",0.8686868686868687,0.8349514563106796,0.8598130841121495,0.8598130841121495,0.8712871287128713,0.8589103243869438,0.012840743074366312,33
0.9972785949707031,0.02137903055275336,0.11908788681030273,0.011556448993944035,15,log2,4,10,200,"{'model__max_depth': 15, 'model__max_features': 'log2', 'model__min_samples_leaf': 4, 'model__min_samples_split': 10, 'model__n_estimators': 200}",0.86,0.8431372549019608,0.8598130841121495,0.8598130841121495,0.8712871287128713,0.8588101103678263,0.008997134379755117,37
1.496185541152954,0.03795345575324327,0.14388418197631836,0.011635471700352475,15,log2,4,10,300,"{'model__max_depth': 15, 'model__max_features': 'log2', 'model__min_samples_leaf': 4, 'model__min_samples_split': 10, 'model__n_estimators': 300}",0.8686868686868687,0.8431372549019608,0.8679245283018868,0.8598130841121495,0.8712871287128713,0.8621697729431474,0.010261643607509785,19
0.5284862995147706,0.03384723375613387,0.07472963333129883,0.008367133621792528,15,log2,4,20,100,"{'model__max_depth': 15, 'model__max_features': 'log2', 'model__min_samples_leaf': 4, 'model__min_samples_split': 20, 'model__n_estimators': 100}",0.86,0.8349514563106796,0.8679245283018868,0.8598130841121495,0.8737864077669902,0.8592950952983414,0.013250231795994785,29
0.9468287944793701,0.00626142796322549,0.10541982650756836,0.005096071654219561,15,log2,4,20,200,"{'model__max_depth': 15, 'model__max_features': 'log2', 'model__min_samples_leaf': 4, 'model__min_samples_split': 20, 'model__n_estimators': 200}",0.86,0.8349514563106796,0.8598130841121495,0.8598130841121495,0.8627450980392157,0.8554645445148388,0.010316813432543702,73
1.4799046039581298,0.059806481680530314,0.1341245174407959,0.015927854133194027,15,log2,4,20,300,"{'model__max_depth': 15, 'model__max_features': 'log2', 'model__min_samples_leaf': 4, 'model__min_samples_split': 20, 'model__n_estimators': 300}",0.86,0.8349514563106796,0.8598130841121495,0.8598130841121495,0.8737864077669902,0.8576728064603938,0.01257366538697336,41
0.47955713272094724,0.03692541090453701,0.06798000335693359,0.007665739608942434,15,log2,8,5,100,"{'model__max_depth': 15, 'model__max_features': 'log2', 'model__min_samples_leaf': 8, 'model__min_samples_split': 5, 'model__n_estimators': 100}",0.86,0.8349514563106796,0.8598130841121495,0.8518518518518519,0.8712871287128713,0.8555807041975104,0.012030005772072675,61
0.8878238201141357,0.04405858734964785,0.10016036033630371,0.013038178104598806,15,log2,8,5,200,"{'model__max_depth': 15, 'model__max_features': 'log2', 'model__min_samples_leaf': 8, 'model__min_samples_split': 5, 'model__n_estimators': 200}",0.86,0.8349514563106796,0.8598130841121495,0.8518518518518519,0.8627450980392157,0.8538722980627792,0.010135568112709928,83
1.358055019378662,0.04749631047106348,0.17373571395874024,0.04231210572945979,15,log2,8,5,300,"{'model__max_depth': 15, 'model__max_features': 'log2', 'model__min_samples_leaf': 8, 'model__min_samples_split': 5, 'model__n_estimators': 300}",0.86,0.8349514563106796,0.8623853211009175,0.8518518518518519,0.8737864077669902,0.8565950074060877,0.012896563745813775,49
0.5414042949676514,0.05617306985743432,0.10640692710876465,0.018061140904361343,15,log2,8,10,100,"{'model__max_depth': 15, 'model__max_features': 'log2', 'model__min_samples_leaf': 8, 'model__min_samples_split': 10, 'model__n_estimators': 100}",0.86,0.8349514563106796,0.8598130841121495,0.8518518518518519,0.8712871287128713,0.8555807041975104,0.012030005772072675,61
1.0236727714538574,0.08065686663340285,0.14156365394592285,0.04672316177362673,15,log2,8,10,200,"{'model__max_depth': 15, 'model__max_features': 'log2', 'model__min_samples_leaf': 8, 'model__min_samples_split': 10, 'model__n_estimators': 200}",0.86,0.8349514563106796,0.8598130841121495,0.8518518518518519,0.8627450980392157,0.8538722980627792,0.010135568112709928,83
1.4702787399291992,0.09907487601875237,0.17108325958251952,0.05431659334886333,15,log2,8,10,300,"{'model__max_depth': 15, 'model__max_features': 'log2', 'model__min_samples_leaf': 8, 'model__min_samples_split': 10, 'model__n_estimators': 300}",0.86,0.8349514563106796,0.8623853211009175,0.8518518518518519,0.8737864077669902,0.8565950074060877,0.012896563745813775,49
0.5879581928253174,0.12862936332045752,0.08537058830261231,0.012389647372386693,15,log2,8,20,100,"{'model__max_depth': 15, 'model__max_features': 'log2', 'model__min_samples_leaf': 8, 'model__min_samples_split': 20, 'model__n_estimators': 100}",0.86,0.8349514563106796,0.8598130841121495,0.8440366972477065,0.8737864077669902,0.8545175290875051,0.013579905123764863,77
1.0022777557373046,0.03991206214647632,0.10675287246704102,0.016283419280748376,15,log2,8,20,200,"{'model__max_depth': 15, 'model__max_features': 'log2', 'model__min_samples_leaf': 8, 'model__min_samples_split': 20, 'model__n_estimators': 200}",0.86,0.8349514563106796,0.8363636363636363,0.8518518518518519,0.8653846153846154,0.8497103119821567,0.012264625803243,113
1.5258557796478271,0.040093489317398305,0.1556238651275635,0.022584614101255264,15,log2,8,20,300,"{'model__max_depth': 15, 'model__max_features': 'log2', 'model__min_samples_leaf': 8, 'model__min_samples_split': 20, 'model__n_estimators': 300}",0.86,0.8349514563106796,0.8256880733944955,0.8518518518518519,0.8737864077669902,0.8492555578648033,0.01722776840868419,119
0.5425575733184814,0.02928162706867164,0.08395485877990723,0.020948801086710687,15,log2,16,5,100,"{'model__max_depth': 15, 'model__max_features': 'log2', 'model__min_samples_leaf': 16, 'model__min_samples_split': 5, 'model__n_estimators': 100}",0.8514851485148515,0.8349514563106796,0.8288288288288288,0.8214285714285714,0.8543689320388349,0.8382125874243531,0.012787348776577638,193
1.0252009868621825,0.0519075042686329,0.11677393913269044,0.01926040668278832,15,log2,16,5,200,"{'model__max_depth': 15, 'model__max_features': 'log2', 'model__min_samples_leaf': 16, 'model__min_samples_split': 5, 'model__n_estimators': 200}",0.8514851485148515,0.8349514563106796,0.8256880733944955,0.8392857142857143,0.8543689320388349,0.8411558649089151,0.010606827674026787,169
1.6255266666412354,0.07126577175978548,0.18118739128112793,0.011830842084110352,15,log2,16,5,300,"{'model__max_depth': 15, 'model__max_features': 'log2', 'model__min_samples_leaf': 16, 'model__min_samples_split': 5, 'model__n_estimators': 300}",0.8514851485148515,0.8349514563106796,0.8256880733944955,0.8468468468468469,0.8653846153846154,0.8448712280902978,0.013673634245386422,139
0.5964698314666748,0.05439545662267297,0.09405355453491211,0.021423749835300557,15,log2,16,10,100,"{'model__max_depth': 15, 'model__max_features': 'log2', 'model__min_samples_leaf': 16, 'model__min_samples_split': 10, 'model__n_estimators': 100}",0.8514851485148515,0.8349514563106796,0.8288288288288288,0.8214285714285714,0.8543689320388349,0.8382125874243531,0.012787348776577638,193
0.9430339336395264,0.08409568048582125,0.10830883979797364,0.015288271823614422,15,log2,16,10,200,"{'model__max_depth': 15, 'model__max_features': 'log2', 'model__min_samples_leaf': 16, 'model__min_samples_split': 10, 'model__n_estimators': 200}",0.8514851485148515,0.8349514563106796,0.8256880733944955,0.8392857142857143,0.8543689320388349,0.8411558649089151,0.010606827674026787,169
1.4845468521118164,0.048998812504501395,0.1332028865814209,0.019870163436544776,15,log2,16,10,300,"{'model__max_depth': 15, 'model__max_features': 'log2', 'model__min_samples_leaf': 16, 'model__min_samples_split': 10, 'model__n_estimators': 300}",0.8514851485148515,0.8349514563106796,0.8256880733944955,0.8468468468468469,0.8653846153846154,0.8448712280902978,0.013673634245386422,139
0.5183762073516845,0.029718531049831,0.07376995086669921,0.016560772215990796,15,log2,16,20,100,"{'model__max_depth': 15, 'model__max_features': 'log2', 'model__min_samples_leaf': 16, 'model__min_samples_split': 20, 'model__n_estimators': 100}",0.8514851485148515,0.8349514563106796,0.8288288288288288,0.8214285714285714,0.8543689320388349,0.8382125874243531,0.012787348776577638,193
0.876448392868042,0.035134088420900385,0.11237258911132812,0.011855846089220657,15,log2,16,20,200,"{'model__max_depth': 15, 'model__max_features': 'log2', 'model__min_samples_leaf': 16, 'model__min_samples_split': 20, 'model__n_estimators': 200}",0.8514851485148515,0.8349514563106796,0.8256880733944955,0.8392857142857143,0.8543689320388349,0.8411558649089151,0.010606827674026787,169
1.3499804973602294,0.03346838845390918,0.14606657028198242,0.035964125791394755,15,log2,16,20,300,"{'model__max_depth': 15, 'model__max_features': 'log2', 'model__min_samples_leaf': 16, 'model__min_samples_split': 20, 'model__n_estimators': 300}",0.8514851485148515,0.8349514563106796,0.8256880733944955,0.8468468468468469,0.8653846153846154,0.8448712280902978,0.013673634245386422,139
0.500164270401001,0.02168318438270214,0.0783393383026123,0.007067197930045709,20,sqrt,4,5,100,"{'model__max_depth': 20, 'model__max_features': 'sqrt', 'model__min_samples_leaf': 4, 'model__min_samples_split': 5, 'model__n_estimators': 100}",0.8686868686868687,0.86,0.8598130841121495,0.8846153846153846,0.8910891089108911,0.8728408892650588,0.012833583226683671,1
1.0322494983673096,0.03139228738585729,0.12567491531372071,0.03342182030480453,20,sqrt,4,5,200,"{'model__max_depth': 20, 'model__max_features': 'sqrt', 'model__min_samples_leaf': 4, 'model__min_samples_split': 5, 'model__n_estimators': 200}",0.8686868686868687,0.8514851485148515,0.8785046728971962,0.8761904761904762,0.86,0.8669734332578786,0.01009331426928946,7
1.443556261062622,0.08947190269398393,0.1313477039337158,0.017230080009177407,20,sqrt,4,5,300,"{'model__max_depth': 20, 'model__max_features': 'sqrt', 'model__min_samples_leaf': 4, 'model__min_samples_split': 5, 'model__n_estimators': 300}",0.8686868686868687,0.8431372549019608,0.8571428571428571,0.8761904761904762,0.8823529411764706,0.8655020796197267,0.013988554056331485,15
0.5744178295135498,0.0740140007346872,0.08349471092224121,0.0114948028987039,20,sqrt,4,10,100,"{'model__max_depth': 20, 'model__max_features': 'sqrt', 'model__min_samples_leaf': 4, 'model__min_samples_split': 10, 'model__n_estimators': 100}",0.8686868686868687,0.8349514563106796,0.8598130841121495,0.8598130841121495,0.8712871287128713,0.8589103243869438,0.012840743074366312,33
1.0021800518035888,0.05124153870425587,0.12917914390563964,0.018557102154848057,20,sqrt,4,10,200,"{'model__max_depth': 20, 'model__max_features': 'sqrt', 'model__min_samples_leaf': 4, 'model__min_samples_split': 10, 'model__n_estimators': 200}",0.86,0.8431372549019608,0.8598130841121495,0.8598130841121495,0.8712871287128713,0.8588101103678263,0.008997134379755117,37
1.5621501922607421,0.07608453744265067,0.14497876167297363,0.013030991462472314,20,sqrt,4,10,300,"{'model__max_depth': 20, 'model__max_features': 'sqrt', 'model__min_samples_leaf': 4, 'model__min_samples_split': 10, 'model__n_estimators': 300}",0.8686868686868687,0.8431372549019608,0.8679245283018868,0.8598130841121495,0.8712871287128713,0.8621697729431474,0.010261643607509785,19
0.5528626918792725,0.0560726017794888,0.08779492378234863,0.03297685458038271,20,sqrt,4,20,100,"{'model__max_depth': 20, 'model__max_features': 'sqrt', 'model__min_samples_leaf': 4, 'model__min_samples_split': 20, 'model__n_estimators': 100}",0.86,0.8349514563106796,0.8679245283018868,0.8598130841121495,0.8737864077669902,0.8592950952983414,0.013250231795994785,29
1.0282230377197266,0.03934978213109689,0.10978927612304687,0.01640860822961866,20,sqrt,4,20,200,"{'model__max_depth': 20, 'model__max_features': 'sqrt', 'model__min_samples_leaf': 4, 'model__min_samples_split': 20, 'model__n_estimators': 200}",0.86,0.8349514563106796,0.8598130841121495,0.8598130841121495,0.8627450980392157,0.8554645445148388,0.010316813432543702,73
1.5218978881835938,0.03493053205892157,0.14811277389526367,0.011092833046147405,20,sqrt,4,20,300,"{'model__max_depth': 20, 'model__max_features': 'sqrt', 'model__min_samples_leaf': 4, 'model__min_samples_split': 20, 'model__n_estimators': 300}",0.86,0.8349514563106796,0.8598130841121495,0.8598130841121495,0.8737864077669902,0.8576728064603938,0.01257366538697336,41
0.5533180236816406,0.013012415110165867,0.07526798248291015,0.009891476095515118,20,sqrt,8,5,100,"{'model__max_depth': 20, 'model__max_features': 'sqrt', 'model__min_samples_leaf': 8, 'model__min_samples_split': 5, 'model__n_estimators': 100}",0.86,0.8349514563106796,0.8598130841121495,0.8518518518518519,0.8712871287128713,0.8555807041975104,0.012030005772072675,61
1.0105370044708253,0.04449688656207852,0.11872267723083496,0.007905815918980435,20,sqrt,8,5,200,"{'model__max_depth': 20, 'model__max_features': 'sqrt', 'model__min_samples_leaf': 8, 'model__min_samples_split': 5, 'model__n_estimators': 200}",0.86,0.8349514563106796,0.8598130841121495,0.8518518518518519,0.8627450980392157,0.8538722980627792,0.010135568112709928,83
1.6282957077026368,0.07806858412274183,0.1866776943206787,0.022177714496183446,20,sqrt,8,5,300,"{'model__max_depth': 20, 'model__max_features': 'sqrt', 'model__min_samples_leaf': 8, 'model__min_samples_split': 5, 'model__n_estimators': 300}",0.86,0.8349514563106796,0.8623853211009175,0.8518518518518519,0.8737864077669902,0.8565950074060877,0.012896563745813775,49
0.5906713485717774,0.0511323026536694,0.09553732872009277,0.013470803515307436,20,sqrt,8,10,100,"{'model__max_depth': 20, 'model__max_features': 'sqrt', 'model__min_samples_leaf': 8, 'model__min_samples_split': 10, 'model__n_estimators': 100}",0.86,0.8349514563106796,0.8598130841121495,0.8518518518518519,0.8712871287128713,0.8555807041975104,0.012030005772072675,61
1.1277689933776855,0.09413621549017474,0.14390549659729004,0.030605640659724282,20,sqrt,8,10,200,"{'model__max_depth': 20, 'model__max_features': 'sqrt', 'model__min_samples_leaf': 8, 'model__min_samples_split': 10, 'model__n_estimators': 200}",0.86,0.8349514563106796,0.8598130841121495,0.8518518518518519,0.8627450980392157,0.8538722980627792,0.010135568112709928,83
1.545523500442505,0.0668665164990826,0.1532602310180664,0.035821951612097835,20,sqrt,8,10,300,"{'model__max_depth': 20, 'model__max_features': 'sqrt', 'model__min_samples_leaf': 8, 'model__min_samples_split': 10, 'model__n_estimators': 300}",0.86,0.8349514563106796,0.8623853211009175,0.8518518518518519,0.8737864077669902,0.8565950074060877,0.012896563745813775,49
0.5250725269317627,0.03427209230329574,0.08283033370971679,0.01276728318279039,20,sqrt,8,20,100,"{'model__max_depth': 20, 'model__max_features': 'sqrt', 'model__min_samples_leaf': 8, 'model__min_samples_split': 20, 'model__n_estimators': 100}",0.86,0.8349514563106796,0.8598130841121495,0.8440366972477065,0.8737864077669902,0.8545175290875051,0.013579905123764863,77
0.985806941986084,0.06105595881819586,0.12302899360656738,0.020242725466142978,20,sqrt,8,20,200,"{'model__max_depth': 20, 'model__max_features': 'sqrt', 'model__min_samples_leaf': 8, 'model__min_samples_split': 20, 'model__n_estimators': 200}",0.86,0.8349514563106796,0.8363636363636363,0.8518518518518519,0.8653846153846154,0.8497103119821567,0.012264625803243,113
1.5405638694763184,0.07327547513307371,0.16544637680053711,0.02779434346066588,20,sqrt,8,20,300,"{'model__max_depth': 20, 'model__max_features': 'sqrt', 'model__min_samples_leaf': 8, 'model__min_samples_split': 20, 'model__n_estimators': 300}",0.86,0.8349514563106796,0.8256880733944955,0.8518518518518519,0.8737864077669902,0.8492555578648033,0.01722776840868419,119
0.5530369758605957,0.03665534474904209,0.0782902717590332,0.00920666992249818,20,sqrt,16,5,100,"{'model__max_depth': 20, 'model__max_features': 'sqrt', 'model__min_samples_leaf': 16, 'model__min_samples_split': 5, 'model__n_estimators': 100}",0.8514851485148515,0.8349514563106796,0.8288288288288288,0.8214285714285714,0.8543689320388349,0.8382125874243531,0.012787348776577638,193
0.9760408401489258,0.04091043952581923,0.11089015007019043,0.018727614756564117,20,sqrt,16,5,200,"{'model__max_depth': 20, 'model__max_features': 'sqrt', 'model__min_samples_leaf': 16, 'model__min_samples_split': 5, 'model__n_estimators': 200}",0.8514851485148515,0.8349514563106796,0.8256880733944955,0.8392857142857143,0.8543689320388349,0.8411558649089151,0.010606827674026787,169
1.5061561584472656,0.10284824826345025,0.14616084098815918,0.028827462491240595,20,sqrt,16,5,300,"{'model__max_depth': 20, 'model__max_features': 'sqrt', 'model__min_samples_leaf': 16, 'model__min_samples_split': 5, 'model__n_estimators': 300}",0.8514851485148515,0.8349514563106796,0.8256880733944955,0.8468468468468469,0.8653846153846154,0.8448712280902978,0.013673634245386422,139
0.5290602207183838,0.07383572066331288,0.0793501853942871,0.018420048425405608,20,sqrt,16,10,100,"{'model__max_depth': 20, 'model__max_features': 'sqrt', 'model__min_samples_leaf': 16, 'model__min_samples_split': 10, 'model__n_estimators': 100}",0.8514851485148515,0.8349514563106796,0.8288288288288288,0.8214285714285714,0.8543689320388349,0.8382125874243531,0.012787348776577638,193
0.9569906711578369,0.02069427925065819,0.1155421257019043,0.011569933475181508,20,sqrt,16,10,200,"{'model__max_depth': 20, 'model__max_features': 'sqrt', 'model__min_samples_leaf': 16, 'model__min_samples_split': 10, 'model__n_estimators': 200}",0.8514851485148515,0.8349514563106796,0.8256880733944955,0.8392857142857143,0.8543689320388349,0.8411558649089151,0.010606827674026787,169
1.5496871948242188,0.029274805200817607,0.15334510803222656,0.02102055166660626,20,sqrt,16,10,300,"{'model__max_depth': 20, 'model__max_features': 'sqrt', 'model__min_samples_leaf': 16, 'model__min_samples_split': 10, 'model__n_estimators': 300}",0.8514851485148515,0.8349514563106796,0.8256880733944955,0.8468468468468469,0.8653846153846154,0.8448712280902978,0.013673634245386422,139
0.5582400798797608,0.04243896377821367,0.09189295768737793,0.025620056224056362,20,sqrt,16,20,100,"{'model__max_depth': 20, 'model__max_features': 'sqrt', 'model__min_samples_leaf': 16, 'model__min_samples_split': 20, 'model__n_estimators': 100}",0.8514851485148515,0.8349514563106796,0.8288288288288288,0.8214285714285714,0.8543689320388349,0.8382125874243531,0.012787348776577638,193
0.9821382999420166,0.032148079970130305,0.11088461875915527,0.02646726392247165,20,sqrt,16,20,200,"{'model__max_depth': 20, 'model__max_features': 'sqrt', 'model__min_samples_leaf': 16, 'model__min_samples_split': 20, 'model__n_estimators': 200}",0.8514851485148515,0.8349514563106796,0.8256880733944955,0.8392857142857143,0.8543689320388349,0.8411558649089151,0.010606827674026787,169
1.489835834503174,0.049970100965484474,0.1422414779663086,0.01712299235693265,20,sqrt,16,20,300,"{'model__max_depth': 20, 'model__max_features': 'sqrt', 'model__min_samples_leaf': 16, 'model__min_samples_split': 20, 'model__n_estimators': 300}",0.8514851485148515,0.8349514563106796,0.8256880733944955,0.8468468468468469,0.8653846153846154,0.8448712280902978,0.013673634245386422,139
0.5727067470550538,0.019948811454495532,0.08743290901184082,0.0037188782949720708,20,log2,4,5,100,"{'model__max_depth': 20, 'model__max_features': 'log2', 'model__min_samples_leaf': 4, 'model__min_samples_split': 5, 'model__n_estimators': 100}",0.8686868686868687,0.86,0.8598130841121495,0.8846153846153846,0.8910891089108911,0.8728408892650588,0.012833583226683671,1
1.0442096710205078,0.04654035584945771,0.1439178466796875,0.00846609349709661,20,log2,4,5,200,"{'model__max_depth': 20, 'model__max_features': 'log2', 'model__min_samples_leaf': 4, 'model__min_samples_split': 5, 'model__n_estimators': 200}",0.8686868686868687,0.8514851485148515,0.8785046728971962,0.8761904761904762,0.86,0.8669734332578786,0.01009331426928946,7
1.7702054023742675,0.0853759802165495,0.13292160034179687,0.010593019531304766,20,log2,4,5,300,"{'model__max_depth': 20, 'model__max_features': 'log2', 'model__min_samples_leaf': 4, 'model__min_samples_split': 5, 'model__n_estimators': 300}",0.8686868686868687,0.8431372549019608,0.8571428571428571,0.8761904761904762,0.8823529411764706,0.8655020796197267,0.013988554056331485,15
0.5723620414733886,0.07214145657989282,0.06133122444152832,0.0053765965406370585,20,log2,4,10,100,"{'model__max_depth': 20, 'model__max_features': 'log2', 'model__min_samples_leaf': 4, 'model__min_samples_split': 10, 'model__n_estimators': 100}",0.8686868686868687,0.8349514563106796,0.8598130841121495,0.8598130841121495,0.8712871287128713,0.8589103243869438,0.012840743074366312,33
0.9603229999542237,0.020090616072495855,0.10611100196838379,0.013060082559700889,20,log2,4,10,200,"{'model__max_depth': 20, 'model__max_features': 'log2', 'model__min_samples_leaf': 4, 'model__min_samples_split': 10, 'model__n_estimators': 200}",0.86,0.8431372549019608,0.8598130841121495,0.8598130841121495,0.8712871287128713,0.8588101103678263,0.008997134379755117,37
1.4684174060821533,0.0879368689116612,0.13482565879821778,0.019697263768555885,20,log2,4,10,300,"{'model__max_depth': 20, 'model__max_features': 'log2', 'model__min_samples_leaf': 4, 'model__min_samples_split': 10, 'model__n_estimators': 300}",0.8686868686868687,0.8431372549019608,0.8679245283018868,0.8598130841121495,0.8712871287128713,0.8621697729431474,0.010261643607509785,19
0.564722204208374,0.07520444851844757,0.08641495704650878,0.021851376905644235,20,log2,4,20,100,"{'model__max_depth': 20, 'model__max_features': 'log2', 'model__min_samples_leaf': 4, 'model__min_samples_split': 20, 'model__n_estimators': 100}",0.86,0.8349514563106796,0.8679245283018868,0.8598130841121495,0.8737864077669902,0.8592950952983414,0.013250231795994785,29
0.9950632095336914,0.04179199283834421,0.13009085655212402,0.028924820162912337,20,log2,4,20,200,"{'model__max_depth': 20, 'model__max_features': 'log2', 'model__min_samples_leaf': 4, 'model__min_samples_split': 20, 'model__n_estimators': 200}",0.86,0.8349514563106796,0.8598130841121495,0.8598130841121495,0.8627450980392157,0.8554645445148388,0.010316813432543702,73
1.499316930770874,0.055371955624312214,0.1312356948852539,0.010235283383749728,20,log2,4,20,300,"{'model__max_depth': 20, 'model__max_features': 'log2', 'model__min_samples_leaf': 4, 'model__min_samples_split': 20, 'model__n_estimators': 300}",0.86,0.8349514563106796,0.8598130841121495,0.8598130841121495,0.8737864077669902,0.8576728064603938,0.01257366538697336,41
0.6066518306732178,0.0699299067798382,0.08438658714294434,0.022470552664546183,20,log2,8,5,100,"{'model__max_depth': 20, 'model__max_features': 'log2', 'model__min_samples_leaf': 8, 'model__min_samples_split': 5, 'model__n_estimators': 100}",0.86,0.8349514563106796,0.8598130841121495,0.8518518518518519,0.8712871287128713,0.8555807041975104,0.012030005772072675,61
1.0294534683227539,0.04705329069141548,0.12467002868652344,0.014965113540025483,20,log2,8,5,200,"{'model__max_depth': 20, 'model__max_features': 'log2', 'model__min_samples_leaf': 8, 'model__min_samples_split': 5, 'model__n_estimators': 200}",0.86,0.8349514563106796,0.8598130841121495,0.8518518518518519,0.8627450980392157,0.8538722980627792,0.010135568112709928,83
1.5858766078948974,0.04443404427311814,0.14272642135620117,0.008703209586787058,20,log2,8,5,300,"{'model__max_depth': 20, 'model__max_features': 'log2', 'model__min_samples_leaf': 8, 'model__min_samples_split': 5, 'model__n_estimators': 300}",0.86,0.8349514563106796,0.8623853211009175,0.8518518518518519,0.8737864077669902,0.8565950074060877,0.012896563745813775,49
0.5560031414031983,0.052832214644483615,0.0903174877166748,0.017484742887262136,20,log2,8,10,100,"{'model__max_depth': 20, 'model__max_features': 'log2', 'model__min_samples_leaf': 8, 'model__min_samples_split': 10, 'model__n_estimators': 100}",0.86,0.8349514563106796,0.8598130841121495,0.8518518518518519,0.8712871287128713,0.8555807041975104,0.012030005772072675,61
1.0171334743499756,0.05718788782377681,0.11211023330688477,0.014368959726683068,20,log2,8,10,200,"{'model__max_depth': 20, 'model__max_features': 'log2', 'model__min_samples_leaf': 8, 'model__min_samples_split': 10, 'model__n_estimators': 200}",0.86,0.8349514563106796,0.8598130841121495,0.8518518518518519,0.8627450980392157,0.8538722980627792,0.010135568112709928,83
1.558380937576294,0.05648658984626611,0.17271790504455567,0.021477899756786854,20,log2,8,10,300,"{'model__max_depth': 20, 'model__max_features': 'log2', 'model__min_samples_leaf': 8, 'model__min_samples_split': 10, 'model__n_estimators': 300}",0.86,0.8349514563106796,0.8623853211009175,0.8518518518518519,0.8737864077669902,0.8565950074060877,0.012896563745813775,49
0.5518097877502441,0.025184093062396183,0.07217378616333008,0.012631914643062783,20,log2,8,20,100,"{'model__max_depth': 20, 'model__max_features': 'log2', 'model__min_samples_leaf': 8, 'model__min_samples_split': 20, 'model__n_estimators': 100}",0.86,0.8349514563106796,0.8598130841121495,0.8440366972477065,0.8737864077669902,0.8545175290875051,0.013579905123764863,77
1.0603734493255614,0.04862090581507366,0.1240382194519043,0.015433626830843645,20,log2,8,20,200,"{'model__max_depth': 20, 'model__max_features': 'log2', 'model__min_samples_leaf': 8, 'model__min_samples_split': 20, 'model__n_estimators': 200}",0.86,0.8349514563106796,0.8363636363636363,0.8518518518518519,0.8653846153846154,0.8497103119821567,0.012264625803243,113
1.5309901237487793,0.06455037996013652,0.1316840648651123,0.015273348733666545,20,log2,8,20,300,"{'model__max_depth': 20, 'model__max_features': 'log2', 'model__min_samples_leaf': 8, 'model__min_samples_split': 20, 'model__n_estimators': 300}",0.86,0.8349514563106796,0.8256880733944955,0.8518518518518519,0.8737864077669902,0.8492555578648033,0.01722776840868419,119
0.5014715671539307,0.021313141075598698,0.06557064056396485,0.0032253433140533284,20,log2,16,5,100,"{'model__max_depth': 20, 'model__max_features': 'log2', 'model__min_samples_leaf': 16, 'model__min_samples_split': 5, 'model__n_estimators': 100}",0.8514851485148515,0.8349514563106796,0.8288288288288288,0.8214285714285714,0.8543689320388349,0.8382125874243531,0.012787348776577638,193
0.8987922191619873,0.02714816352763672,0.10790696144104003,0.019877213666318838,20,log2,16,5,200,"{'model__max_depth': 20, 'model__max_features': 'log2', 'model__min_samples_leaf': 16, 'model__min_samples_split': 5, 'model__n_estimators': 200}",0.8514851485148515,0.8349514563106796,0.8256880733944955,0.8392857142857143,0.8543689320388349,0.8411558649089151,0.010606827674026787,169
1.3845718860626222,0.050608738050070594,0.14967851638793944,0.023329668155177015,20,log2,16,5,300,"{'model__max_depth': 20, 'model__max_features': 'log2', 'model__min_samples_leaf': 16, 'model__min_samples_split': 5, 'model__n_estimators': 300}",0.8514851485148515,0.8349514563106796,0.8256880733944955,0.8468468468468469,0.8653846153846154,0.8448712280902978,0.013673634245386422,139
0.5277305603027344,0.09498629370041622,0.07811379432678223,0.015701793244295506,20,log2,16,10,100,"{'model__max_depth': 20, 'model__max_features': 'log2', 'model__min_samples_leaf': 16, 'model__min_samples_split': 10, 'model__n_estimators': 100}",0.8514851485148515,0.8349514563106796,0.8288288288288288,0.8214285714285714,0.8543689320388349,0.8382125874243531,0.012787348776577638,193
0.9541192054748535,0.04394452323609418,0.11691412925720215,0.015278196509481867,20,log2,16,10,200,"{'model__max_depth': 20, 'model__max_features': 'log2', 'model__min_samples_leaf': 16, 'model__min_samples_split': 10, 'model__n_estimators': 200}",0.8514851485148515,0.8349514563106796,0.8256880733944955,0.8392857142857143,0.8543689320388349,0.8411558649089151,0.010606827674026787,169
1.5153745651245116,0.047005550611165334,0.14783282279968263,0.006750401788953648,20,log2,16,10,300,"{'model__max_depth': 20, 'model__max_features': 'log2', 'model__min_samples_leaf': 16, 'model__min_samples_split': 10, 'model__n_estimators': 300}",0.8514851485148515,0.8349514563106796,0.8256880733944955,0.8468468468468469,0.8653846153846154,0.8448712280902978,0.013673634245386422,139
0.5576582431793213,0.0531372880327178,0.06319618225097656,0.0055886346112590385,20,log2,16,20,100,"{'model__max_depth': 20, 'model__max_features': 'log2', 'model__min_samples_leaf': 16, 'model__min_samples_split': 20, 'model__n_estimators': 100}",0.8514851485148515,0.8349514563106796,0.8288288288288288,0.8214285714285714,0.8543689320388349,0.8382125874243531,0.012787348776577638,193
1.033458948135376,0.054965289436166596,0.11125869750976562,0.017805124668988245,20,log2,16,20,200,"{'model__max_depth': 20, 'model__max_features': 'log2', 'model__min_samples_leaf': 16, 'model__min_samples_split': 20, 'model__n_estimators': 200}",0.8514851485148515,0.8349514563106796,0.8256880733944955,0.8392857142857143,0.8543689320388349,0.8411558649089151,0.010606827674026787,169
1.291809368133545,0.1461813632743712,0.08403568267822266,0.016750342003631753,20,log2,16,20,300,"{'model__max_depth': 20, 'model__max_features': 'log2', 'model__min_samples_leaf': 16, 'model__min_samples_split': 20, 'model__n_estimators': 300}",0.8514851485148515,0.8349514563106796,0.8256880733944955,0.8468468468468469,0.8653846153846154,0.8448712280902978,0.013673634245386422,139
